id,member_id,loan_amnt,funded_amnt,funded_amnt_inv,term,int_rate,installment,grade,sub_grade,emp_length,home_ownership,annual_inc,verification_status,issue_d,loan_status,purpose,addr_state,dti,delinq_2yrs,earliest_cr_line,inq_last_6mths,open_acc,pub_rec,revol_bal,revol_util,total_acc,total_pymnt,total_rec_prncp,total_rec_int,recoveries,pub_rec_bankruptcies
270400,270383,9000,9000,3110.87, 36 months,11.97%,298.8,C,C4,10+ years,OWN,80000,Not Verified,Mar-08,Fully Paid,home_improvement,AZ,19.37,0,May-83,1,16,1,26966,70.20%,26,10756.8,9000,1756.8,0,1
382400,411825,5750,5750,5647.787119, 36 months,14.74%,198.59,D,D3,1 year,OTHER,16000,Not Verified,Mar-09,Fully Paid,credit_card,CA,12.6,0,Sep-05,1,8,0,5560,32.90%,9,7149.058792,5749.99,1399.07,0,0
386400,418652,10000,10000,9880.86217, 36 months,13.47%,339.23,C,C4,< 1 year,RENT,75000,Source Verified,Mar-09,Fully Paid,debt_consolidation,NY,8.54,0,Jun-97,5,11,0,24485,26.30%,24,12212.06693,9999.98,2212.09,0,0
431200,511679,7400,7400,7400, 36 months,8.00%,231.89,A,A3,6 years,MORTGAGE,37000,Not Verified,Aug-09,Fully Paid,debt_consolidation,PA,13.43,0,Sep-93,2,9,0,6938,24.10%,24,8332.817299,7400,932.82,0,0
476800,604153,6000,6000,6000, 36 months,7.74%,187.32,A,A3,3 years,MORTGAGE,75400,Not Verified,Jan-10,Fully Paid,house,TX,16.76,0,May-99,3,9,0,0,0%,31,6499.302119,6000,499.3,0,0
480800,611273,2000,2000,2000, 36 months,7.88%,62.57,A,A5,4 years,RENT,27000,Not Verified,Feb-10,Fully Paid,house,MI,21.56,0,Jan-04,1,8,0,8344,42.80%,13,2252.242678,2000,252.24,0,0
482400,613647,5400,5400,5400, 36 months,7.88%,168.92,A,A5,10+ years,RENT,54000,Not Verified,Feb-10,Fully Paid,debt_consolidation,CA,21.27,0,Dec-95,0,8,0,19843,59.90%,38,5853.536299,5400,453.54,0,0
491200,627526,5000,5000,4925, 36 months,11.36%,164.56,B,B5,10+ years,MORTGAGE,62500,Not Verified,Mar-10,Fully Paid,other,AL,13.32,0,Dec-94,1,8,0,5708,51%,14,5924.412039,5000,924.41,0,0
492800,630302,5000,5000,4975, 36 months,13.85%,170.52,C,C4,7 years,RENT,32400,Not Verified,Mar-10,Fully Paid,debt_consolidation,CA,5.89,0,Sep-88,2,10,0,4140,54.50%,24,5721.741815,5000,721.74,0,0
494400,632905,6400,6400,6400, 36 months,9.88%,206.15,B,B1,1 year,RENT,37850,Not Verified,Mar-10,Fully Paid,house,TX,13.22,0,Mar-01,1,5,0,2579,35.80%,5,7421.82395,6400,1021.82,0,0
509600,657799,6000,6000,6000, 36 months,15.70%,210.07,D,D4,1 year,RENT,38004,Verified,Apr-10,Fully Paid,debt_consolidation,NJ,0,0,Jul-05,2,4,0,0,0%,11,7174.4581,6000,1174.46,0,0
519200,671226,15000,9650,8587.290876, 60 months,18.67%,248.58,F,F2,2 years,RENT,77064,Not Verified,Jun-10,Fully Paid,debt_consolidation,MN,14.4,0,Apr-98,1,9,0,29797,96.70%,22,14914.5391,9649.99,5264.55,0,0
542400,699965,6000,6000,6000, 36 months,7.51%,186.67,A,A4,9 years,RENT,60000,Not Verified,Jul-10,Fully Paid,medical,CA,1.04,1,Dec-97,0,7,0,278,6.10%,42,6720.033776,6000,720.03,0,0
583200,749435,9600,9600,9258.451229, 60 months,17.06%,238.9,E,E4,3 years,RENT,26000,Not Verified,Oct-10,Charged Off,debt_consolidation,MI,11.91,0,Sep-07,0,6,0,8673,60.70%,6,9714.8,5102,3954.54,658.26,0
594400,763276,20700,20700,20575, 36 months,17.43%,742.45,E,E5,9 years,MORTGAGE,105398,Not Verified,Nov-10,Fully Paid,debt_consolidation,IL,22.2,0,Oct-92,0,13,0,17250,95.70%,21,26730.70251,20700,6030.7,0,0
599200,769042,2500,2500,2200, 36 months,7.14%,77.36,A,A3,1 year,RENT,26592,Source Verified,Oct-10,Charged Off,debt_consolidation,NJ,3.61,0,May-01,1,6,0,300,0%,24,1974.79,1673.49,254.26,47.04,0
623200,798698,4500,4500,4500, 36 months,6.54%,138.01,A,A4,4 years,MORTGAGE,61000,Not Verified,Dec-10,Fully Paid,debt_consolidation,OR,10.15,0,Feb-00,0,11,0,2792,26.60%,30,4968.292149,4500,468.29,0,0
664000,849050,14400,14400,14400, 36 months,13.80%,490.77,C,C4,3 years,MORTGAGE,85000,Source Verified,Feb-11,Charged Off,credit_card,WI,4.63,1,Jun-93,1,12,0,11517,94.40%,23,9814.22,7257.56,2547.24,9.42,0
667200,852993,12000,12000,11126.51814, 36 months,10.74%,391.39,B,B4,4 years,RENT,90000,Verified,Feb-11,Fully Paid,debt_consolidation,WA,19.57,0,Jul-93,1,15,0,28796,60.90%,36,13677.54324,12000,1677.54,0,0
676800,864822,18000,18000,18000, 60 months,16.02%,437.92,D,D5,8 years,RENT,45000,Not Verified,Feb-11,Fully Paid,debt_consolidation,NY,16.32,1,Mar-97,1,7,0,2095,9%,17,22078.53691,18000,4078.54,0,0
680000,868676,20000,20000,20000, 36 months,14.91%,692.43,D,D2,5 years,MORTGAGE,75000,Source Verified,Mar-11,Fully Paid,debt_consolidation,VA,19.43,0,Mar-99,1,12,0,14308,54.80%,23,24927.27397,20000,4927.27,0,0
717600,911692,15000,15000,15000, 36 months,12.68%,503.11,C,C1,10+ years,MORTGAGE,60000,Not Verified,Apr-11,Fully Paid,credit_card,CA,14.92,1,Jul-93,0,4,0,0,8.58%,19,18111.5422,15000,3111.54,0,0
724000,919060,35000,21850,21800, 60 months,17.99%,554.73,E,E1,9 years,MORTGAGE,84575,Verified,Jun-11,Fully Paid,debt_consolidation,MA,13.75,0,Oct-97,0,12,0,21188,37.70%,41,22582.91677,21850,732.92,0,0
729600,925393,12000,12000,12000, 36 months,10.00%,387.21,B,B2,10+ years,RENT,50004,Not Verified,Apr-11,Fully Paid,debt_consolidation,TX,10.68,0,Jan-98,4,13,0,13354,21.20%,63,12563.82362,12000,563.82,0,0
739200,936754,10500,10500,10500, 36 months,7.66%,327.39,A,A5,10+ years,MORTGAGE,48000,Source Verified,Apr-11,Charged Off,credit_card,IL,20.9,0,Sep-98,1,12,0,12424,42.70%,40,9495.12,8302.89,1177.26,14.97,0
742400,940461,13475,13475,13475, 60 months,19.29%,351.71,E,E4,5 years,OWN,27000,Source Verified,May-11,Fully Paid,credit_card,TX,13.96,0,Sep-01,0,9,0,3863,47.10%,21,18683.93673,13475,5208.94,0,0
751200,950627,2400,2400,2400, 36 months,7.49%,74.65,A,A4,2 years,MORTGAGE,51000,Source Verified,May-11,Fully Paid,major_purchase,NV,0.35,1,Jan-99,1,8,0,64,0.90%,19,2443.968627,2400,43.97,0,0
761600,962074,16800,16800,16550, 36 months,11.99%,557.93,B,B5,3 years,MORTGAGE,65500,Not Verified,May-11,Fully Paid,debt_consolidation,NM,22.7,0,Nov-95,0,24,0,21454,87.90%,44,19735.11455,16800,2935.11,0,0
766400,967403,10000,10000,10000, 36 months,9.99%,322.63,B,B1,10+ years,MORTGAGE,87000,Verified,May-11,Fully Paid,moving,TX,20.32,0,Feb-96,1,8,0,20552,80.60%,20,11397.17858,10000,1397.18,0,0
771200,972949,5000,5000,5000, 36 months,10.59%,162.73,B,B2,1 year,MORTGAGE,51600,Not Verified,Jun-11,Fully Paid,home_improvement,FL,15.49,0,Nov-03,0,22,0,327,12.10%,29,5767.223087,5000,767.22,0,0
783200,986284,6450,6450,6450, 60 months,19.69%,169.78,E,E5,5 years,RENT,23000,Verified,Jun-11,Charged Off,credit_card,NY,22.12,0,Jan-96,0,3,0,12981,97.60%,3,6364.28,2150.08,2443.08,1771.12,0
792800,997247,31825,31825,13075.0057, 60 months,19.29%,830.65,E,E4,10+ years,MORTGAGE,53000,Verified,Jul-11,Charged Off,other,IL,15.12,1,Apr-00,1,11,0,14667,52%,17,7895.01,2445.29,4423,1026.72,0
804800,1010712,1500,1500,1500, 36 months,8.49%,47.35,A,A5,5 years,MORTGAGE,24000,Not Verified,Jul-11,Fully Paid,other,AR,22.5,0,Dec-00,0,2,0,15298,80.10%,6,1704.369516,1500,204.37,0,0
807200,1013734,9000,9000,9000, 36 months,16.89%,320.39,D,D4,7 years,OWN,41000,Not Verified,Jul-11,Fully Paid,debt_consolidation,SC,19.35,0,Jul-01,0,5,0,4471,93.10%,9,11552.63076,9000,2537.63,0,0
808800,1015561,15700,15700,15675, 36 months,11.49%,517.65,B,B4,3 years,RENT,68000,Source Verified,Jul-11,Fully Paid,credit_card,GA,10.99,0,Sep-00,2,7,0,17776,66.80%,18,18562.62672,15700,2862.63,0,0
815200,1022800,12000,12000,12000, 60 months,9.99%,254.91,B,B1,10+ years,MORTGAGE,71000,Verified,Sep-11,Fully Paid,home_improvement,MO,23.78,0,Jan-91,1,17,0,16191,19.40%,31,14552.88034,12000,2552.88,0,0
817600,1025459,10000,10000,10000, 36 months,15.62%,349.7,D,D1,6 years,RENT,27000,Verified,Jul-11,Fully Paid,debt_consolidation,CA,13.2,0,Aug-03,1,4,0,9428,86.50%,10,12504.11746,10000,2504.12,0,0
826400,1035270,3000,3000,3000, 60 months,11.49%,65.97,B,B4,n/a,RENT,15000,Verified,Aug-11,Fully Paid,other,IL,8.56,0,Mar-03,1,6,0,2441,32.50%,37,3759.671367,3000,759.67,0,0
844000,1054867,4500,4500,4500, 60 months,17.49%,113.03,D,D5,4 years,RENT,18996,Source Verified,Aug-11,Fully Paid,other,KS,22.17,1,Oct-06,0,6,0,1469,36.70%,7,5996.362545,4500,1496.36,0,0
866400,1079862,6625,6625,6625, 36 months,15.23%,230.41,C,C5,10+ years,MORTGAGE,40269,Not Verified,Aug-11,Fully Paid,other,FL,20.17,2,Dec-93,3,16,0,12615,83%,53,8294.519574,6625,1669.52,0,0
876000,1090599,13000,13000,12975, 36 months,10.99%,425.55,B,B3,2 years,RENT,92250,Verified,Sep-11,Fully Paid,debt_consolidation,NC,10.32,1,Oct-00,1,10,0,19404,28.80%,19,14734.14352,13000,1734.14,0,0
879200,1094067,15250,15250,15250, 60 months,12.69%,344.57,B,B5,10+ years,MORTGAGE,55000,Verified,Oct-11,Current,debt_consolidation,WI,27.03,0,Feb-88,3,11,0,27924,62.30%,26,18936.79,13571.6,5365.19,0,0
996000,1220601,35000,35000,34950, 60 months,11.71%,773.44,B,B3,6 years,MORTGAGE,75000,Verified,Nov-11,Fully Paid,debt_consolidation,VA,11.41,0,Aug-90,0,14,0,55145,43.40%,48,41233.97922,35000,6233.98,0,0
1020800,1249584,10200,10200,10175, 36 months,8.90%,323.89,A,A5,1 year,RENT,90000,Not Verified,Nov-11,Fully Paid,debt_consolidation,NY,5.48,0,Oct-99,0,9,0,10969,59.30%,26,11593.96563,10200,1393.97,0,0
1024800,1253937,7500,7500,7500, 36 months,14.27%,257.32,C,C2,4 years,RENT,57000,Source Verified,Nov-11,Fully Paid,debt_consolidation,NJ,12.44,0,Dec-02,3,15,0,5443,23.70%,29,8617.091563,7500,1117.09,0,0
1040000,1269957,10000,10000,10000, 36 months,12.42%,334.16,B,B4,3 years,RENT,65000,Not Verified,Nov-11,Fully Paid,debt_consolidation,MD,19.86,0,Jan-97,1,13,0,17700,81.30%,17,12029.44225,10000,2029.44,0,0
1048800,1279969,5600,5600,5450, 36 months,7.51%,174.23,A,A3,10+ years,RENT,43000,Source Verified,Dec-11,Fully Paid,debt_consolidation,AZ,20.51,0,Sep-98,2,9,0,8514,34.80%,26,6071.215355,5600,471.22,0,0
1052800,1284341,2400,2400,2400, 36 months,14.27%,82.35,C,C2,3 years,MORTGAGE,39990,Not Verified,Dec-11,Fully Paid,other,OH,19.68,0,May-91,3,7,0,19059,92.50%,23,2793.021589,2400,393.02,0,0
1056000,1287570,20000,20000,20000, 60 months,19.42%,523.45,E,E3,3 years,MORTGAGE,116500,Source Verified,Dec-11,Current,credit_card,PA,8.84,0,Apr-00,1,20,0,25662,49%,35,27312.56,16183.94,11102.49,0,0
