month_key,month_start,year,quarter,month,year_month
200803,2008-03-01,2008,1,3,2008-03
200903,2009-03-01,2009,1,3,2009-03
200908,2009-08-01,2009,3,8,2009-08
201001,2010-01-01,2010,1,1,2010-01
201002,2010-02-01,2010,1,2,2010-02
201003,2010-03-01,2010,1,3,2010-03
201004,2010-04-01,2010,2,4,2010-04
201006,2010-06-01,2010,2,6,2010-06
201007,2010-07-01,2010,3,7,2010-07
201010,2010-10-01,2010,4,10,2010-10
201011,2010-11-01,2010,4,11,2010-11
201012,2010-12-01,2010,4,12,2010-12
201102,2011-02-01,2011,1,2,2011-02
201103,2011-03-01,2011,1,3,2011-03
201104,2011-04-01,2011,2,4,2011-04
201105,2011-05-01,2011,2,5,2011-05
201106,2011-06-01,2011,2,6,2011-06
201107,2011-07-01,2011,3,7,2011-07
201108,2011-08-01,2011,3,8,2011-08
201109,2011-09-01,2011,3,9,2011-09
201110,2011-10-01,2011,4,10,2011-10
201111,2011-11-01,2011,4,11,2011-11
201112,2011-12-01,2011,4,12,2011-12
