loan_id,issue_month_key,grade_key,purpose_key,geo_key,borrower_key,term_months,loan_amount,funded_amount,int_rate_pct,installment,annual_income,dti,dti_band,revolving_util_pct,credit_history_years,inquiries_6m,delinq_2yrs,public_records,loan_status,is_completed,is_default,total_payment,principal_received,interest_received,recoveries,principal_loss,is_income_outlier_iqr3
270400,200803,11,3,3,19,36,9000.0,9000.0,11.97,298.8,80000.0,19.37,4: 15-20,70.2,24,1,0,1,Fully Paid,1,0,10756.8,9000.0,1756.8,0.0,0.0,0
382400,200903,15,1,4,18,36,5750.0,5750.0,14.74,198.59,16000.0,12.6,3: 10-15,32.9,3,1,0,0,Fully Paid,1,0,7149.06,5749.99,1399.07,0.0,0.0,0
386400,200903,11,2,18,31,36,10000.0,10000.0,13.47,339.23,75000.0,8.54,2: 5-10,26.3,11,5,0,0,Fully Paid,1,0,12212.07,9999.98,2212.09,0.0,0.0,0
431200,200908,1,2,21,8,36,7400.0,7400.0,8.0,231.89,37000.0,13.43,3: 10-15,24.1,15,2,0,0,Fully Paid,1,0,8332.82,7400.0,932.82,0.0,0.0,0
476800,201001,1,4,23,6,36,6000.0,6000.0,7.74,187.32,75400.0,16.76,4: 15-20,0.0,10,3,0,0,Fully Paid,1,0,6499.3,6000.0,499.3,0.0,0.0,0
480800,201002,3,4,11,25,36,2000.0,2000.0,7.88,62.57,27000.0,21.56,5: 20-25,42.8,6,1,0,0,Fully Paid,1,0,2252.24,2000.0,252.24,0.0,0.0,0
482400,201002,3,2,4,24,36,5400.0,5400.0,7.88,168.92,54000.0,21.27,5: 20-25,59.9,14,0,0,0,Fully Paid,1,0,5853.54,5400.0,453.54,0.0,0.0,0
491200,201003,8,8,1,3,36,5000.0,5000.0,11.36,164.56,62500.0,13.32,3: 10-15,51.0,15,1,0,0,Fully Paid,1,0,5924.41,5000.0,924.41,0.0,0.0,0
492800,201003,11,2,4,28,36,5000.0,5000.0,13.85,170.52,32400.0,5.89,2: 5-10,54.5,21,2,0,0,Fully Paid,1,0,5721.74,5000.0,721.74,0.0,0.0,0
494400,201003,4,4,23,22,36,6400.0,6400.0,9.88,206.15,37850.0,13.22,3: 10-15,35.8,8,1,0,0,Fully Paid,1,0,7421.82,6400.0,1021.82,0.0,0.0,0
509600,201004,16,2,15,35,36,6000.0,6000.0,15.7,210.07,38004.0,0.0,1: 0-5,0.0,4,2,0,0,Fully Paid,1,0,7174.46,6000.0,1174.46,0.0,0.0,0
519200,201006,22,2,12,27,60,15000.0,9650.0,18.67,248.58,77064.0,14.4,3: 10-15,96.7,12,1,0,0,Fully Paid,1,0,14914.54,9649.99,5264.55,0.0,0.0,0
542400,201007,2,6,4,29,36,6000.0,6000.0,7.51,186.67,60000.0,1.04,1: 0-5,6.1,12,0,1,0,Fully Paid,1,0,6720.03,6000.0,720.03,0.0,0.0,0
583200,201010,20,2,11,25,60,9600.0,9600.0,17.06,238.9,26000.0,11.91,3: 10-15,60.7,3,0,0,0,Charged Off,1,1,9714.8,5102.0,3954.54,658.26,3839.74,0
594400,201011,21,2,7,9,36,20700.0,20700.0,17.43,742.45,105398.0,22.2,5: 20-25,95.7,18,0,0,0,Fully Paid,1,0,26730.7,20700.0,6030.7,0.0,0.0,0
599200,201010,1,2,15,30,36,2500.0,2500.0,7.14,77.36,26592.0,3.61,1: 0-5,0.0,9,1,0,0,Charged Off,1,1,1974.79,1673.49,254.26,47.04,779.47,0
623200,201012,2,2,20,5,36,4500.0,4500.0,6.54,138.01,61000.0,10.15,3: 10-15,26.6,10,0,0,0,Fully Paid,1,0,4968.29,4500.0,468.29,0.0,0.0,0
664000,201102,11,1,26,12,36,14400.0,14400.0,13.8,490.77,85000.0,4.63,1: 0-5,94.4,17,1,1,0,Charged Off,1,1,9814.22,7257.56,2547.24,9.42,7133.02,0
667200,201102,7,2,25,36,36,12000.0,12000.0,10.74,391.39,90000.0,19.57,4: 15-20,60.9,17,1,0,0,Fully Paid,1,0,13677.54,12000.0,1677.54,0.0,0.0,0
676800,201102,17,2,18,28,60,18000.0,18000.0,16.02,437.92,45000.0,16.32,4: 15-20,9.0,13,1,1,0,Fully Paid,1,0,22078.54,18000.0,4078.54,0.0,0.0,0
680000,201103,14,2,24,14,36,20000.0,20000.0,14.91,692.43,75000.0,19.43,4: 15-20,54.8,12,1,0,0,Fully Paid,1,0,24927.27,20000.0,4927.27,0.0,0.0,0
717600,201104,9,1,4,3,36,15000.0,15000.0,12.68,503.11,60000.0,14.92,3: 10-15,8.58,17,0,1,0,Fully Paid,1,0,18111.54,15000.0,3111.54,0.0,0.0,0
724000,201106,18,2,9,17,60,35000.0,21850.0,17.99,554.73,84575.0,13.75,3: 10-15,37.7,13,0,0,0,Fully Paid,1,0,22582.92,21850.0,732.92,0.0,0.0,0
729600,201104,5,2,23,24,36,12000.0,12000.0,10.0,387.21,50004.0,10.68,3: 10-15,21.2,13,4,0,0,Fully Paid,1,0,12563.82,12000.0,563.82,0.0,0.0,0
739200,201104,3,1,7,10,36,10500.0,10500.0,7.66,327.39,48000.0,20.9,5: 20-25,42.7,12,1,0,0,Charged Off,1,1,9495.12,8302.89,1177.26,14.97,2182.14,0
742400,201105,20,1,23,21,60,13475.0,13475.0,19.29,351.71,27000.0,13.96,3: 10-15,47.1,9,0,0,0,Fully Paid,1,0,18683.94,13475.0,5208.94,0.0,0.0,0
751200,201105,2,5,17,11,36,2400.0,2400.0,7.49,74.65,51000.0,0.35,1: 0-5,0.9,12,1,1,0,Fully Paid,1,0,2443.97,2400.0,43.97,0.0,0.0,0
761600,201105,8,2,16,5,36,16800.0,16800.0,11.99,557.93,65500.0,22.7,5: 20-25,87.9,15,0,0,0,Fully Paid,1,0,19735.11,16800.0,2935.11,0.0,0.0,0
766400,201105,4,7,23,16,36,10000.0,10000.0,9.99,322.63,87000.0,20.32,5: 20-25,80.6,15,1,0,0,Fully Paid,1,0,11397.18,10000.0,1397.18,0.0,0.0,0
771200,201106,5,3,5,1,36,5000.0,5000.0,10.59,162.73,51600.0,15.49,4: 15-20,12.1,7,0,0,0,Fully Paid,1,0,5767.22,5000.0,767.22,0.0,0.0,0
783200,201106,21,1,18,37,60,6450.0,6450.0,19.69,169.78,23000.0,22.12,5: 20-25,97.6,15,0,0,0,Charged Off,1,1,6364.28,2150.08,2443.08,1771.12,2528.8,0
792800,201107,20,8,7,15,60,31825.0,31825.0,19.29,830.65,53000.0,15.12,4: 15-20,52.0,11,1,1,0,Charged Off,1,1,7895.01,2445.29,4423.0,1026.72,28352.99,0
804800,201107,3,8,2,7,36,1500.0,1500.0,8.49,47.35,24000.0,22.5,5: 20-25,80.1,10,0,0,0,Fully Paid,1,0,1704.37,1500.0,204.37,0.0,0.0,0
807200,201107,16,2,22,20,36,9000.0,9000.0,16.89,320.39,41000.0,19.35,4: 15-20,93.1,9,0,0,0,Fully Paid,1,0,11552.63,9000.0,2537.63,0.0,0.0,0
808800,201107,7,1,6,34,36,15700.0,15700.0,11.49,517.65,68000.0,10.99,3: 10-15,66.8,10,2,0,0,Fully Paid,1,0,18562.63,15700.0,2862.63,0.0,0.0,0
815200,201109,4,3,13,15,60,12000.0,12000.0,9.99,254.91,71000.0,23.78,5: 20-25,19.4,20,1,0,0,Fully Paid,1,0,14552.88,12000.0,2552.88,0.0,0.0,0
817600,201107,13,2,4,37,36,10000.0,10000.0,15.62,349.7,27000.0,13.2,3: 10-15,86.5,7,1,0,0,Fully Paid,1,0,12504.12,10000.0,2504.12,0.0,0.0,0
826400,201108,7,8,7,38,60,3000.0,3000.0,11.49,65.97,15000.0,8.56,2: 5-10,32.5,8,1,0,0,Fully Paid,1,0,3759.67,3000.0,759.67,0.0,0.0,0
844000,201108,17,8,8,33,60,4500.0,4500.0,17.49,113.03,18996.0,22.17,5: 20-25,36.7,4,0,1,0,Fully Paid,1,0,5996.36,4500.0,1496.36,0.0,0.0,0
866400,201108,12,8,5,2,36,6625.0,6625.0,15.23,230.41,40269.0,20.17,5: 20-25,83.0,17,3,2,0,Fully Paid,1,0,8294.52,6625.0,1669.52,0.0,0.0,0
876000,201109,6,2,14,36,36,13000.0,13000.0,10.99,425.55,92250.0,10.32,3: 10-15,28.8,10,1,1,0,Fully Paid,1,0,14734.14,13000.0,1734.14,0.0,0.0,0
879200,201110,8,2,26,15,60,15250.0,15250.0,12.69,344.57,55000.0,27.03,6: 25-30,62.3,23,3,0,0,Current,0,0,18936.79,13571.6,5365.19,0.0,0.0,0
996000,201111,6,2,24,17,60,35000.0,35000.0,11.71,773.44,75000.0,11.41,3: 10-15,43.4,21,0,0,0,Fully Paid,1,0,41233.98,35000.0,6233.98,0.0,0.0,0
1020800,201111,3,2,18,23,36,10200.0,10200.0,8.9,323.89,90000.0,5.48,2: 5-10,59.3,12,0,0,0,Fully Paid,1,0,11593.97,10200.0,1393.97,0.0,0.0,0
1024800,201111,10,2,15,34,36,7500.0,7500.0,14.27,257.32,57000.0,12.44,3: 10-15,23.7,8,3,0,0,Fully Paid,1,0,8617.09,7500.0,1117.09,0.0,0.0,0
1040000,201111,7,2,10,26,36,10000.0,10000.0,12.42,334.16,65000.0,19.86,4: 15-20,81.3,14,1,0,0,Fully Paid,1,0,12029.44,10000.0,2029.44,0.0,0.0,0
1048800,201112,1,2,3,32,36,5600.0,5600.0,7.51,174.23,43000.0,20.51,5: 20-25,34.8,13,2,0,0,Fully Paid,1,0,6071.22,5600.0,471.22,0.0,0.0,0
1052800,201112,10,8,19,4,36,2400.0,2400.0,14.27,82.35,39990.0,19.68,4: 15-20,92.5,20,3,0,0,Fully Paid,1,0,2793.02,2400.0,393.02,0.0,0.0,0
1056000,201112,19,1,21,13,60,20000.0,20000.0,19.42,523.45,116500.0,8.84,2: 5-10,49.0,11,1,0,0,Current,0,0,27312.56,16183.94,11102.49,0.0,0.0,0
